model,classification,nli,punctuation,retrieval,translation
LGAI-EXAONE/EXAONE-3.0-7.8B-Instruct,0.0,0.0,0.35812445959762174,0.9,0.19532760471575406
Qwen/Qwen2.5-7B-Instruct,0.0,0.0,0.8690798785409684,1.0,0.10205110867705705
claude-3-5-sonnet-20241022,0.1,0.0,0.3865900156157197,0.9,0.14244174330597167
claude-3-opus-20240229,0.0,0.3,0.6469243749058387,0.9,0.17185495426761874
gpt-3.5-turbo,0.0,0.7,0.9728219015877855,0.8,0.22727101848300482
gpt-4,0.0,0.5,0.9097340124504811,1.0,0.3678542362006103
gpt-4-turbo,0.0,0.6,0.8084313498113864,0.9,0.2743683580336159
meta-llama/Llama-3.1-8B-Instruct,0.2,0.0,0.9221626954135542,0.4,0.16185365754386244
