model,classification,nli,punctuation,retrieval,translation
Claude-3-Opus,0.0,0.3,0.6469243749058387,0.9,0.17185495426761874
Claude-3.5-Sonnet,0.1,0.0,0.3865900156157197,0.9,0.14244174330597167
EXAONE-3.0-7.8B,0.0,0.0,0.35812445959762174,0.9,0.19532760471575406
GPT-3.5-Turbo,0.0,0.7,0.9728219015877855,0.8,0.22727101848300482
GPT-4-Turbo,0.0,0.6,0.8084313498113864,0.9,0.2743683580336159
Llama-3.1-8B,0.2,0.0,0.9221626954135542,0.4,0.16185365754386244
Qwen2.5-7B,0.0,0.0,0.8690798785409684,1.0,0.10205110867705705
gpt-4,0.0,0.5,0.9097340124504811,1.0,0.3678542362006103
