model,average_score
gpt-4,0.5555176497302183
GPT-3.5-Turbo,0.540018584014158
GPT-4-Turbo,0.5165599415690004
Claude-3-Opus,0.4037558658346915
Qwen2.5-7B,0.3942261974436051
Llama-3.1-8B,0.33680327059148335
Claude-3.5-Sonnet,0.30580635178433824
EXAONE-3.0-7.8B,0.29069041286267516
