model,average_score
gpt-3.5-turbo,0.540018584014158
gpt-4-turbo,0.5165599415690004
claude-3-opus-20240229,0.4037558658346915
Qwen/Qwen2.5-7B-Instruct,0.3942261974436051
meta-llama/Llama-3.1-8B-Instruct,0.33680327059148335
claude-3-5-sonnet-20241022,0.30580635178433824
LGAI-EXAONE/EXAONE-3.0-7.8B-Instruct,0.29069041286267516
