task,mean,std,min,max
classification,0.042857142857142864,0.07867957924694431,0.0,0.2
translation,0.18216692071812632,0.05660430880801936,0.102051108677057,0.2743683580336159
nli,0.22857142857142856,0.30937725468153876,0.0,0.7
punctuation,0.7091620964961249,0.2521466284722766,0.3581244595976217,0.9728219015877856
retrieval,0.8285714285714285,0.19760470401187075,0.4,1.0
