model,mean,std,min,max,cv
gpt-4-turbo,0.5165599415690004,0.37572209712734383,0.0,0.9,0.7273543046836435
gpt-3.5-turbo,0.540018584014158,0.40924754508973415,0.0,0.9728219015877856,0.7578397433059538
claude-3-opus-20240229,0.40375586583469153,0.36501755991117346,0.0,0.9,0.9040551253826773
meta-llama/Llama-3.1-8B-Instruct,0.3368032705914833,0.3568607669200685,0.0,0.9221626954135542,1.0595525580656058
claude-3-5-sonnet-20241022,0.3058063517843383,0.36130107474638606,0.0,0.9,1.1814701448751592
Qwen/Qwen2.5-7B-Instruct,0.3942261974436051,0.4971525898335387,0.0,1.0,1.2610846084237146
LGAI-EXAONE/EXAONE-3.0-7.8B-Instruct,0.29069041286267516,0.3721227690812267,0.0,0.9,1.2801343030773462
