{
  "total": 20917,
  "with_korean": 10917,
  "with_english": 10917,
  "with_both_translations": 10917,
  "chinese_only": 10000,
  "avg_classical_length": 26.01845388918105,
  "avg_modern_length": 41.65377444184156
}