model,optimal_temperature,best_avg_performance
LGAI-EXAONE/EXAONE-3.0-7.8B-Instruct,0.3,0.3637036418058317
Qwen/Qwen2.5-7B-Instruct,0.0,0.4119854669863556
claude-3-opus-20240229,0.0,0.42880769017475817
claude-sonnet-4-5-20250929,0.3,0.334721776261909
gpt-3.5-turbo,0.3,0.519617240621326
gpt-4-turbo,0.3,0.5333020989813545
meta-llama/Llama-3.1-8B-Instruct,0.0,0.38395181507324333
