model,task,accuracy,precision,recall,f1,num_samples,correct,char_precision,char_recall,char_f1,rouge1_f1,rouge2_f1,rougeL_f1,bleu
gpt-3.5-turbo,classification,0.25,0.2439254385964912,0.25,0.2087428774928775,80,,,,,,,,
gpt-3.5-turbo,retrieval,0.6416666666666667,,,,120,77.0,,,,,,,
gpt-3.5-turbo,punctuation,,,,,200,,0.9560167577333527,0.9281089936426542,0.9409970182192323,0.0,0.0,0.0,
gpt-3.5-turbo,nli,0.7297297297297297,0.6815362731152205,0.7297297297297297,0.6814270945418486,185,,,,,,,,
gpt-3.5-turbo,translation,,,,,200,,,,,0.1400536966919143,0.060153215416212366,0.1252525461860046,0.2493649229907419
