model,task,accuracy,precision,recall,f1,num_samples,correct,char_precision,char_recall,char_f1,rouge1_f1,rouge2_f1,rougeL_f1,bleu
gpt-3.5-turbo,classification,0.2375,0.18051282051282053,0.2375,0.18713235294117647,80,,,,,,,,
gpt-3.5-turbo,retrieval,0.6,,,,120,72.0,,,,,,,
gpt-3.5-turbo,punctuation,,,,,200,,0.9554622461012481,0.9270645578855831,0.9401929335981918,0.0,0.0,0.0,
gpt-3.5-turbo,nli,0.7405405405405405,0.695032175032175,0.7405405405405405,0.6931913731913731,185,,,,,,,,
gpt-3.5-turbo,translation,,,,,200,,,,,0.14486219883002338,0.06397287334336152,0.13025350233359625,0.25318648443922226
