model,task,accuracy,precision,recall,f1,num_samples,correct,char_precision,char_recall,char_f1,rouge1_f1,rouge2_f1,rougeL_f1,bleu
claude-3-opus-20240229,classification,0.2875,0.2876663614163614,0.2875,0.2556349206349206,80,,,,,,,,
claude-3-opus-20240229,retrieval,0.8083333333333333,,,,120,97.0,,,,,,,
claude-3-opus-20240229,punctuation,,,,,200,,0.35762880729450586,0.8989673282804129,0.4729692760540438,0.0,0.0,0.0,
claude-3-opus-20240229,nli,0.3621621621621622,0.772972972972973,0.3621621621621622,0.48090693786570077,185,,,,,,,,
claude-3-opus-20240229,translation,,,,,200,,,,,0.14130840689330232,0.07255805076535292,0.12619398298579218,0.2500136650853622
