model,task,accuracy,precision,recall,f1,num_samples,correct,char_precision,char_recall,char_f1,rouge1_f1,rouge2_f1,rougeL_f1,bleu
gpt-4-turbo,classification,0.1875,0.3133531746031746,0.1875,0.20288182831661095,80,,,,,,,,
gpt-4-turbo,retrieval,0.7583333333333333,,,,120,91.0,,,,,,,
gpt-4-turbo,punctuation,,,,,200,,0.7171758566518363,0.8504772767147831,0.7698123694157735,0.0,0.0,0.0,
gpt-4-turbo,nli,0.8216216216216217,0.820745069393718,0.8216216216216217,0.8039628153218418,185,,,,,,,,
gpt-4-turbo,translation,,,,,200,,,,,0.14627942356928478,0.06938817773763051,0.13152014851921362,0.3042915198543233
