model,task,accuracy,precision,recall,f1,num_samples,correct,char_precision,char_recall,char_f1,rouge1_f1,rouge2_f1,rougeL_f1,bleu
claude-sonnet-4-5-20250929,classification,0.125,0.4404761904761904,0.125,0.1808857808857809,80,,,,,,,,
claude-sonnet-4-5-20250929,retrieval,0.9166666666666666,,,,120,110.0,,,,,,,
claude-sonnet-4-5-20250929,punctuation,,,,,200,,0.30294330059549135,0.8509573673815616,0.415250551091554,0.0,0.0,0.0,
claude-sonnet-4-5-20250929,nli,0.010810810810810811,0.6918918918918919,0.010810810810810811,0.02128898128898129,185,,,,,,,,
claude-sonnet-4-5-20250929,translation,,,,,200,,,,,0.15272147569209932,0.07777952099386747,0.13951690137656222,0.33246061361145435
