model,task,accuracy,precision,recall,f1,num_samples,correct,char_precision,char_recall,char_f1,rouge1_f1,rouge2_f1,rougeL_f1,bleu
gpt-3.5-turbo,classification,0.1875,0.2062341090282267,0.1875,0.1685110400435478,80,,,,,,,,
gpt-3.5-turbo,retrieval,0.6333333333333333,,,,120,76.0,,,,,,,
gpt-3.5-turbo,punctuation,,,,,200,,0.9515155992705355,0.9235186562699492,0.9364312154175836,0.0,0.0,0.0,
gpt-3.5-turbo,nli,0.7189189189189189,0.685005698735676,0.7189189189189189,0.6870610470610471,185,,,,,,,,
gpt-3.5-turbo,translation,,,,,200,,,,,0.12969236775989862,0.05881943484839482,0.11775053702498674,0.23594546761134638
