model,task,accuracy,precision,recall,f1,num_samples,correct,char_precision,char_recall,char_f1,rouge1_f1,rouge2_f1,rougeL_f1,bleu
meta-llama/Llama-3.1-8B-Instruct,classification,0.075,0.18095238095238095,0.075,0.07359848484848486,80,,,,,,,,
meta-llama/Llama-3.1-8B-Instruct,retrieval,0.21666666666666667,,,,120,26.0,,,,,,,
meta-llama/Llama-3.1-8B-Instruct,punctuation,,,,,200,,0.8082686656069197,0.8451961803716833,0.8152309228284502,0.0,0.0,0.0,
meta-llama/Llama-3.1-8B-Instruct,nli,0.7189189189189189,0.6137967914438504,0.7189189189189189,0.6323825655019119,185,,,,,,,,
meta-llama/Llama-3.1-8B-Instruct,translation,,,,,200,,,,,0.11032265826255587,0.04600471791354403,0.09810085924300437,0.18713323528045286
