model,task,accuracy,precision,recall,f1,num_samples,correct,char_precision,char_recall,char_f1,rouge1_f1,rouge2_f1,rougeL_f1,bleu
claude-sonnet-4-5-20250929,classification,0.1125,0.34464285714285714,0.1125,0.16117424242424241,80,,,,,,,,
claude-sonnet-4-5-20250929,retrieval,0.9166666666666666,,,,120,110.0,,,,,,,
claude-sonnet-4-5-20250929,punctuation,,,,,200,,0.2908941789633883,0.8505593949835892,0.4056396923428954,0.0,0.0,0.0,
claude-sonnet-4-5-20250929,nli,0.005405405405405406,0.6918918918918919,0.005405405405405406,0.010727006075843286,185,,,,,,,,
claude-sonnet-4-5-20250929,translation,,,,,200,,,,,0.1503985810196125,0.07663255702304905,0.13782111527433036,0.32875986359574655
