model,task,accuracy,precision,recall,f1,num_samples,correct,char_precision,char_recall,char_f1,rouge1_f1,rouge2_f1,rougeL_f1,bleu
gpt-4-turbo,classification,0.175,0.30576388888888884,0.175,0.19318485861964124,80,,,,,,,,
gpt-4-turbo,retrieval,0.7583333333333333,,,,120,91.0,,,,,,,
gpt-4-turbo,punctuation,,,,,200,,0.7160396599621608,0.8487329170443172,0.7684041920522128,0.0,0.0,0.0,
gpt-4-turbo,nli,0.827027027027027,0.822510181414291,0.827027027027027,0.8085062614005674,185,,,,,,,,
gpt-4-turbo,translation,,,,,200,,,,,0.14791572563154676,0.0717575233231223,0.13241763653983324,0.30670031632607236
