model,task,accuracy,precision,recall,f1,num_samples,correct,char_precision,char_recall,char_f1,rouge1_f1,rouge2_f1,rougeL_f1,bleu
claude-sonnet-4-5-20250929,classification,0.1,0.31666666666666665,0.1,0.14512820512820515,80,,,,,,,,
claude-sonnet-4-5-20250929,retrieval,0.9,,,,120,108.0,,,,,,,
claude-sonnet-4-5-20250929,punctuation,,,,,200,,0.2895050550196147,0.8505500738629475,0.4044753530007386,0.0,0.0,0.0,
claude-sonnet-4-5-20250929,nli,0.0,0.0,0.0,0.0,185,,,,,,,,
claude-sonnet-4-5-20250929,translation,,,,,200,,,,,0.14994901292386403,0.07905865316384224,0.13758232526108768,0.3183622196096045
