Model,Average,Classification,Retrieval,Punctuation,NLI,Translation
gpt-3.5-turbo,0.540018584014158,0.0,0.8,0.9728219015877856,0.7,0.2272710184830048
gpt-4-turbo,0.5165599415690005,0.0,0.9,0.8084313498113864,0.6,0.2743683580336159
claude-3-opus-20240229,0.4037558658346915,0.0,0.9,0.6469243749058387,0.3,0.1718549542676187
Qwen2.5-7B-Instruct,0.3942261974436051,0.0,1.0,0.8690798785409684,0.0,0.102051108677057
Llama-3.1-8B-Instruct,0.33680327059148335,0.2,0.4,0.9221626954135542,0.0,0.1618536575438624
claude-3-5-sonnet-20241022,0.3058063517843383,0.1,0.9,0.3865900156157197,0.0,0.1424417433059716
EXAONE-3.0-7.8B-Instruct,0.29069041286267516,0.0,0.9,0.3581244595976217,0.0,0.195327604715754
