Model,Average,Classification,Retrieval,Punctuation,NLI,Translation
gpt-4-turbo,0.5321692563891175,0.1931848586196412,0.7583333333333333,0.7684041920522128,0.8085062614005674,0.1324176365398332
gpt-3.5-turbo,0.5101540324128675,0.1871323529411764,0.6,0.9401929335981918,0.6931913731913731,0.1302535023335962
claude-3-opus-20240229,0.42880769017475817,0.2556349206349206,0.8083333333333333,0.4729692760540438,0.4809069378657007,0.1261939829857921
Qwen2.5-7B-Instruct,0.4119854669863556,0.1321610007639419,0.5916666666666667,0.5112221309562662,0.7475640613383858,0.0773134752065174
Llama-3.1-8B-Instruct,0.38395181507324333,0.0788624144672531,0.2333333333333333,0.8392145712390691,0.6703464887812713,0.0980022675452899
EXAONE-3.0-7.8B-Instruct,0.3590228868625197,0.0,0.6333333333333333,0.3558758862972193,0.7373761916331986,0.0685290230488475
claude-sonnet-4-5-20250929,0.3264057445567955,0.1611742424242424,0.9166666666666666,0.4056396923428954,0.0107270060758432,0.1378211152743303
